wid,weibo_link,content,img_urls,location,publish_time,publish_tool,like_num,forward_num,comment_num
MiTUxsWNE,https://weibo.cn/comment/MiTUxsWNE?uid=2945685673&rl=0#cmtfrm,爱本来就是流动的 今天爱明天不爱的没那么重要 重要的是人和人之间留下的江湖情义 是肝胆相照过 却已经没人提了 明星在算账 平常人也在算账 算了吧 不如多积福气 人机关算尽得到的 也不如老天随便赏你的多  ,2022-12-10 08:43,488,189,17,,,
NyaTLy32M,https://weibo.cn/comment/NyaTLy32M?uid=2945685673&rl=0#cmtfrm,:构建自我（一）  告别有毒的原生家庭此篇献给所有想把自我脱离出原生家庭负面影响的朋友。如果你的原生家庭带给你伤害/影响你的思考方式/限制你的自由和成长 要怎么办呢：1. 重塑大脑，全都忘了吧。人是有主动遗忘的能力的，我自己很多事情都想不起来了，一开始是想忘记 最后真的就忘了。🔹让过去过去，才能让现在开始。血缘羁绊是前尘旧业。请务必散尽旧业，给自己新生。2. 不要听不要看不要回头，不要为伤害你的人找理由，不要再眷恋一点点温度。我当然知道我父亲不爱我，我初中的时候他给我买了唯一一件短袖我根本穿不下，因为他不知道我长高了。可是就那一件穿不下的t恤，我保存了很多年。他不给我打电话 他从来没对我说过生日快乐。但是，但是，我没办法抗拒被爱的幻想。我后面又和他恢复联系很多年。黑暗荣耀里东恩和妈妈的剧情特别细致 我理解为什么成年东恩会再给她妈一次机会，会照顾她，谁没有过微弱的被爱的渴望 谁不希望救赎一下童年的自己？我也理解她最后那句谢谢，这位至亲是你的软肋和死穴 她变好一点 都有让你推翻现在的自己的能力 但她没变🔹这不是残忍 是天道给你留的生机 让你可以真正告别。3.承认爱的局限性。还有一种情况是在你的家庭里爱与伤害并存。因为爱无法超脱人性的局限。这一点讲的最好的就是《你当像鸟飞往你的山》，所有的不可说不愿说 质疑分裂 害怕无助 负罪成长，你都会和Tara找到共鸣。4.做完这些之后最重要的是认真思考你是谁 你要过什么样的人生。🔹不要再埋怨父母 不要再祈求一个更好的过去 不要做一个巨婴。坚定的去选择自己的路 为自己的选择负责，不要再被别人的言行影响，不要再把期待放在别人身上 远离消耗你的一切。先成为全新的自我 学会爱这个自我，再去找你的同路人，找到她们你会感受到真正的爱与被爱 与血缘无关，朋友和伴侣才是你自己选择的家人。🔹那时你会发现 爱和自由 原来都在自己手里。最后以书中我最喜欢的一段话收尾：“当我彻底接受了自己的决定，不再为旧冤耿耿于怀，不再将他的罪过与我的罪过权衡比较时，我终于摆脱了负罪感。我完全不再为父亲考虑。我学会为了我自己而接受自己的决定，为了自己，而不是为了他。因为我需要如此，而不是他罪有应得。这是我爱他的唯一方式。”,2023-12-21 18:16,311,184,24,,,
LrN8bzcTg,https://weibo.cn/comment/LrN8bzcTg?uid=2945685673&rl=0#cmtfrm,年纪太小的时候 没有起落帮扶的情深意重 没有经年累月的纠葛 是非对错仿佛都很确凿 相遇别离都天真利落 年复一年才慢慢懂得这句you have my infinite tenderness  ,2022-05-06 21:16,451,161,10,,,
Lx6sNpIKm,https://weibo.cn/comment/Lx6sNpIKm?uid=2945685673&rl=0#cmtfrm,女生要在各自领域做到顶尖 要拥有真正的权力 要行业能听到你的声音 这是唯一的出路 我一直和我研究女权的姐妹说 为中华女性之崛起而读书 不是开玩笑  ,2022-06-10 19:40,782,135,20,,,
NrMWX7Su4,https://weibo.cn/comment/NrMWX7Su4?uid=2945685673&rl=0#cmtfrm,两个对于彼此非常有魅力的真的不一定要做伴侣 可以做知己 可以相互眺望 可以君子之交淡如水 魅力就如玫瑰的刺 总有人能温柔包裹她 可以牺牲自己去融入她 好过与你相磨到血肉模糊精疲力竭  ,2023-11-09 18:16,654,103,23,,,
LmrN12NnB,https://weibo.cn/comment/LmrN12NnB?uid=2945685673&rl=0#cmtfrm,事业也好感情也好 喜欢的意思应该是“我愿意做附加的不想做的事” 而不是“我喜欢这带给我的愉悦“  步步衡量的人生太没意思 喜欢的人 想做的事 不问值不值得 因为只计较细数得失的话 活着本来就不值得  ,2022-04-01 17:44,369,99,10,,,
Lj2N1kzAB,https://weibo.cn/comment/Lj2N1kzAB?uid=2945685673&rl=0#cmtfrm,:我们长大后就很难顺其自然的交到好朋友 再没有一个环境让我们规律的见面和相处。这之后如果还能遇见很重要的人 多半是一起走过一段很难的路 一起承担过很沉重的东西 看到过对方的崩溃和坚持 舍弃和承担，这是很特别的缘分，最后彼此的坚持结了果也好 大梦一场也好，看向对方你看得到来时的路 每一份苦楚每一点成长 都在对方的眼眸 不足为外人道也 从此再不拘泥于世人定义的关系 因为你们是战友 是共犯 是无可取代,2022-03-10 08:35,371,86,23,,,
NtDmtmY6p,https://weibo.cn/comment/NtDmtmY6p?uid=2945685673&rl=0#cmtfrm,我与我 周旋久🌳  [组图共2张] 原图 ,2023-11-21 21:32,94,54,10,,,
LjNQbwCjd,https://weibo.cn/comment/LjNQbwCjd?uid=2945685673&rl=0#cmtfrm,:“随着我对空性认识的加深，我越来越意识到人生就是打破一个比较小的笼子闯入一个更大的笼子的无限循环的过程。每打破一个笼子都非常艰难，因为每一个笼子看起来都坚不可摧。用什么打破笼子呢？用我们内心的力量。这种力量，首先是愿力，我们有没有强烈的愿望、有没有极大的勇气去打破它；然后是我们的专注力，只有高度专注如激光一般，我们才能积蓄所有能量去打破它；我们内心的洞察力和创新力就是具体实施的，它们努力尝试一切方法去打破它。这种力量要持续修炼，直至某一天，当我们的心力足够强大的时候，一脚踹破它，从而进入一个更大的笼子，获得更大的自由。人生所谓境界的高低，其实就是指你在一个什么大小的笼子里，人生的终极追求，就是把所有的笼子全部打破，迈入一个广阔无垠的空间，获得彻底的自由，所谓成佛，正是如此”,2022-03-15 08:22,257,52,18,,,
LnPDL2jC0,https://weibo.cn/comment/LnPDL2jC0?uid=2945685673&rl=0#cmtfrm,越是绷不住的时候表面越是要撑住 收拾好自己 “天之道损有余而补不足 人之道则不然，损不足以奉有余” 当你开始崩落只会有越来越多的砖砸向你 pls Just hang in there  ,2022-04-10 20:18,275,49,23,,,
Nt0mFkwW9,https://weibo.cn/comment/Nt0mFkwW9?uid=2945685673&rl=0#cmtfrm,:我一点受不了精英感 劝女孩们都速速祛魅，最渴望功成名就的人 最精致利己的人 愿意舍弃一切往上爬的人，给他一万次选择他也是牺牲你 不懂爱只懂遗憾和怀念。朴实 情义 肝胆相照少有人再提 大多数人因缘溯果 你都看得到他下一步，根本活不出另一种故事 做不出另一种选择。什么是气魄 能活出来的就是气魄。,2023-11-17 18:16,390,46,24,,,
Nva12sjZe,https://weibo.cn/comment/Nva12sjZe?uid=2945685673&rl=0#cmtfrm,:其实这世界上没有人吃不了的苦 难的是忍和等 你画出三年 五年 十年的草图，无用功和无处发力的时候超过一半 所以会说战争是忍耐和煎熬组成的嘛。为什么总有人一手好牌打烂 状态一年不如一年 因为容易的选择太多了 退路也光鲜 走不出的瓶颈难耐的夜 退了一步没什么 退了三步五步 再回首 路已经窄了 没得选了。所以看似可做可不做的事 你做了，所有选择的岔路 该做的但最难的你选了，看不到头不知道还要几年的煎熬 你耐住了 或许才可以期盼金石为开,2023-12-01 22:31,217,45,12,,,
Nd6UWA1Yl,https://weibo.cn/comment/Nd6UWA1Yl?uid=2945685673&rl=0#cmtfrm,“而我的人生没有中心点，我在两极间摆动，走过这当中许多的路。此时渴望在家乡，彼时又渴望在路上；此时需要孤独和修院，彼时又需要爱与连接；我收藏书籍和美画，又将它们转手送人；我挥霍放纵，又离欲苦行。我曾笃信地将人生当作现实来敬仰，结果是，我仅将它当成实用之物来认知和喜爱。”  原图 ,2023-08-05 05:32,153,42,5,,,
Lx7wGlZEQ,https://weibo.cn/comment/Lx7wGlZEQ?uid=2945685673&rl=0#cmtfrm,:我不想说什么男女对立 我想说女性 作为自己 要记得自己是顶天立地的人 要保持清醒和判断 别信那些有的没的让你柔弱的屁话 别被各种畸形虚浮的概念营销蒙蔽 要一直成长做自己的英雄作为母亲 伴侣 别培养傲慢厌女的下一代 别捡垃圾 捡到了及时识别早点跑 别忘了生育权本身就是女人的权力 别反而变成了弱势,2022-06-10 22:22,369,33,17,,,
LDIF9gvoB,https://weibo.cn/comment/LDIF9gvoB?uid=2945685673&rl=0#cmtfrm,:人只有向内探寻才能对外物不再执着 才不会再怨天尤人 我们的一生之路修的是自己的课业 不必看别人 我经过的每一处风景 遇见的每一个人 都是为了帮助我成为我 快乐与痛苦 流水和风暴 只是来经过我塑造我融入我 无好无坏 不知福祸 兴尽悲来月盈则亏本就是自然规律 因果随缘莫多妄念我们就在这途中体验 修心修课课业 认识自己 然后跳出自己去看这无垠宇宙 我在天地之间如此渺小 可我这颗心于世界多不重要 这颗心于我自己就有多重要 我无限大 而又无我无所住 缘起性空 真空妙有,2022-07-24 07:57,161,33,16,,,
JfrZT4HP8,https://weibo.cn/comment/JfrZT4HP8?uid=2945685673&rl=0#cmtfrm,:我觉得纠结专业学校工作转行肯定是要慎重 但是这一个决定也真的不会保一生顺遂或者全部搞砸 边界感放宽一点 公务员也不一定一做一辈子 每一个行业也都还有很多可能 体制内也可以跳去和政府对接 进高校也可以跳企业 搬砖攒钱开个小店也挺香啊 换城市也没什么呀  我觉得有些可能性现在怎么努力都看不到 是因为有能力眼界和信息的局限性 这些东西积累够了到了一个平台自然看得到  但是你不走下去就永远没法找下一个可能 你说转行转专业 所学所做不一样难道就浪费时间吗 我觉得强者恒强不是因为他在某一领域的经验 是他思维方式学习能力和判断力让他一步步强 这是年年岁岁日积月累永远属于自己的东西 毕竟人生它不是金榜题名洞房花烛就截止了 一切成就和失意只是个节点他不是终点 总有下一步要走 拿到名校名企offer 成名发财 就可以不学习了吗 抱得美人归就可以不经营感情了吗 命运会给也会收 拥有了心爱的容颜也不是就拥有了春天  所以换个思路就不会太焦虑 反正前路漫漫 不用只想着追求哪一刻哪一个节点  专心做事生活 不管这个节点的结果如何 更重要的是怎么走下去 人生无限公司 比起往上爬  做事和往哪爬的自由对我来说重要的多的多 在这片大海上最自由的人才是海贼王,2020-08-11 19:55,138,32,39,,,
KELXgedFT,https://weibo.cn/comment/KELXgedFT?uid=2945685673&rl=0#cmtfrm,:我习惯了我想走的每一步都是重重阻碍 其实越是走不下去的时候越是要咬咬牙 越是推不动的时候越是要再坚持一下 很多事差的就是这一口气 放下情绪做应该该做的事 坚持到忘记坚持 不经意间曾经渴望的就会来了 不经意间 因为做了太久 付出的早已太多 那一点点 是奖励 是注定 不经意间 因为修行不停 因为天高路远 还要走向更广阔处,2021-10-28 07:26,145,30,12,,,
Kb3IO6SQw,https://weibo.cn/comment/Kb3IO6SQw?uid=2945685673&rl=0#cmtfrm,人活着做的每一个选择 怎么走 都会失去都可能搞砸 都会幻想如果做了其他的选择会怎么样 不到闭眼睛谁都不知道每一步路到底带来了什么又带走了什么 自己可以决定的东西太有限了 出生长相家庭童年 阴差阳错生老病死 半点不由人。 剩下能选的  我心甘情愿为这份自由付出一切 不抱怨任何伴随的代价  ,2021-04-15 21:30,89,27,11,,,
Nv7Xo8EzU,https://weibo.cn/comment/Nv7Xo8EzU?uid=2945685673&rl=0#cmtfrm,那我来补几张图👻@牛津kate朱朱 ✖️ @SweetieLele  [组图共4张] 原图 ,2023-12-01 17:16,189,24,25,,,
LbrHThyN1,https://weibo.cn/comment/LbrHThyN1?uid=2945685673&rl=0#cmtfrm,发现长年不在relationship里的人有两种极端   一类爱做白日梦理想主义  期待完美关系无法妥协 而另一类一直在感情中游走 过于清醒和倦怠所以贪恋一点难得的兴致 虚妄的快乐 “当作是艰苦中的休憩”  ,2022-01-19 09:18,134,24,11,,,
LvTR2bKwz,https://weibo.cn/comment/LvTR2bKwz?uid=2945685673&rl=0#cmtfrm,:人真的很贱的 两个一模一样的人一个端着一颗心赤裸裸的在你面前 一个藏着掩着要你看不清 你就一定要去探索那颗隐晦的心 之前laser safety training的老师说 人类很傻很傻你知道旁边有激光 第一反应就不是闭眼 你就是要去看他 大家都是这么瞎的 所以不要相信自己 要提前预防他 有什么办法呢 大多数人就是不配被真心坦荡对待 大家都罪有应得,2022-06-02 21:44,148,22,15,,,
LfsZ62DgE,https://weibo.cn/comment/LfsZ62DgE?uid=2945685673&rl=0#cmtfrm,第一次做这个mbti测试太好玩了吧哈哈 我从小就大人说啥都你说的对  [组图共9张] 原图 ,2022-02-14 19:55,89,22,22,,,
LkWOV5ezT,https://weibo.cn/comment/LkWOV5ezT?uid=2945685673&rl=0#cmtfrm,这几年的疫情 战争 天灾 人祸 都让我想起这一段“因为你已经知道了，在山野中，在天一点一点黑下来的时刻，一切都无关紧要。知道了就没法再不知道”  原图 ,2022-03-22 21:03,208,22,19,,,
KEZYR7Au6,https://weibo.cn/comment/KEZYR7Au6?uid=2945685673&rl=0#cmtfrm,人不顺很正常 不顺引起情绪波动也很正常 路很长 一城一池不重要但是重要的是 那情绪波动的三十分钟 那些不值一提 你敢你愿意展露给谁 谁是你最信任的 能治愈你成全你的人 谁又只见的到修复好的稳定的你 远远看到一场没有疲惫歌舞升平的幻梦 却近不了真身  ,2021-10-29 19:08,114,21,8,,,
LxhoFdDBU,https://weibo.cn/comment/LxhoFdDBU?uid=2945685673&rl=0#cmtfrm,这几天的朋友圈 怪态百出 群魔乱舞 出来一群混淆概念的高知 大部分人的发言都像胡锡进 大家真的要意识到 女权只能靠女性自己提高生产力 去促进立法 去扩大声音 去支持同性 拥有决策权 重要岗位上的女性越多 能想到的做到的就越多 路很难走 没有捷径  ,2022-06-11 23:30,295,17,22,,,
Nvwmqvwx8,https://weibo.cn/comment/Nvwmqvwx8?uid=2945685673&rl=0#cmtfrm,太破碎的人不懂爱 太健康的人不懂你 太懂你的人不能再走近  ,2023-12-04 07:24,123,16,9,,,
Klp35BIW7,https://weibo.cn/comment/Klp35BIW7?uid=2945685673&rl=0#cmtfrm,我愿意很多机会来的晚 来的晚些 心性被打磨强些 才能真正平静的看起起落落人来人往 才耐得住坏接得住好  容易拿到的好处 对我长远发展不是好处  ,2021-06-22 22:11,109,16,25,,,
KfOVABb7A,https://weibo.cn/comment/KfOVABb7A?uid=2945685673&rl=0#cmtfrm,:人想要什么东西做什么事是分阶段的 最开始求果 拼命的求果 辗转反侧 过于急切所以恐惧 短视 误判 易折。 然后敢直面自己的不足 明白该过的坎该摔的跟头该有的修炼 一分都不能少 学会耐心增加延迟满足的深度 改变对时间的定义 步伐不受别人的影响再然后 能做到尽人事听天命 真正相信了祸兮福之所倚 福兮祸之所伏，老天不给你可能是在保护你， 最后甚至可以功成不必在我,2021-05-17 05:02,91,15,8,,,
J1k0Ow7b8,https://weibo.cn/comment/J1k0Ow7b8?uid=2945685673&rl=0#cmtfrm,:“如果在众人六神无主时 你能镇定自若而不是人云亦云如果在被众人猜忌怀疑之日 你能自信如常而不去枉加辩论如果你有梦想又不迷失自我 如果你有神思又不致走火入魔如果在成功之中能不妄形于色 而在灾难之后也勇于咀嚼苦果如果听到自己说出的奥秘被无赖 歪曲成面目全非的魔术而不生怨艾如果看到自己追求的美好受天灾 破灭为零碎的瓦砾也不说放弃如果你辛苦劳作已是功成名就 还是冒险一博哪怕功名化为乌有 即使惨遭失败也仍要从头开始如果你跟村夫交谈而不失恭敬之态 和王侯散步而不露谀媚之颜如果他人的爱憎左右不了你的正气 如果你和任何人为伍都能卓然独立如果昏惑的骚扰动摇不了你的意志 你能等自己平心静气再作答谢”,2020-05-10 21:51,67,13,7,,,
NxRfuqFuw,https://weibo.cn/comment/NxRfuqFuw?uid=2945685673&rl=0#cmtfrm,冲破牢笼 成为自己｜单亲妈妈的榜样力量我真的是掏心掏肺在上网 网友比现实生活中的人了解我更多  [组图共2张] 原图 ,2023-12-19 16:15,210,13,20,,,
JBEg4fmri,https://weibo.cn/comment/JBEg4fmri?uid=2945685673&rl=0#cmtfrm,"2021  “Write hard, aim low”“You’re already in the ocean”🌊🌊🌊  原图 ",2021-01-04 19:35,21,12,0,,,
K20lnhBoo,https://weibo.cn/comment/K20lnhBoo?uid=2945685673&rl=0#cmtfrm,其实感情可以很简单的 你是我喜欢的人 你是我的好朋友 你我有互相搀扶的情份 待我真诚待我好 我就不会拿社会上任何价值体系评价衡量你 你我之间的小小宇宙 我就最在乎你的感受你要如何 我们就如何我不希望你孤单的去面对整个喧哗世界  ,2021-02-15 08:22,90,12,20,,,
KzSTpEtYl,https://weibo.cn/comment/KzSTpEtYl?uid=2945685673&rl=0#cmtfrm,爱和关系是两码事 关系可以搞砸 爱不会 爱是反复确认 爱不问值不值得不说后悔 是但得你平安愿 我就任你天边明月照向别人圆而关系 It‘s all about timing 因果随缘 这是神的游戏  原图 ,2021-09-26 03:54,96,11,7,,,
KfneHr3TU,https://weibo.cn/comment/KfneHr3TU?uid=2945685673&rl=0#cmtfrm,我有一些很好很好的女生朋友 一路上看起来都是光环 各有各的气质，可自我怀疑 压力 焦虑 却一个也逃不掉 真希望她们可以看到我眼中的她们有多迷人我找不到带你逃走的桨 先来我胸膛想阻止泪滑落你的脸庞 我掩饰这个世界陷入了迷航一样  ,2021-05-14 06:32,99,10,13,,,
NyMfIj1XX,https://weibo.cn/comment/NyMfIj1XX?uid=2945685673&rl=0#cmtfrm,和我k@牛津Kate朱朱 一起祝大家圣诞快乐🎄！ 哪张最适合放首图呢  [组图共6张] 原图 ,2023-12-25 17:22,139,10,22,,,
LuPLMsLca,https://weibo.cn/comment/LuPLMsLca?uid=2945685673&rl=0#cmtfrm,总是笑这么开心袄🐱  [组图共9张] 原图 ,2022-05-26 21:29,198,9,24,,,
J5hn4BU6q,https://weibo.cn/comment/J5hn4BU6q?uid=2945685673&rl=0#cmtfrm,:爱的反面就是失去分享欲和冷漠呀，故事的结尾是不是 看到了一个段子好好笑哦不再想发给他 微信可以改名了 和朋友聊怎样一起改成有趣的情侣名 这家餐厅好想去哦不想和他一起打卡了 好想去哪里他会说很忙吧不再先问他了 讨论这个话题他也不感兴趣吧 想吃哪家的蛋糕巧克力我自己去吃啦快乐的独立 独立的爱他 到迷路找不到一段感情的意义。共眠一舸听秋雨，小簟轻衾各自寒。,2020-06-05 22:29,94,9,16,,,
L3DjSz1XC,https://weibo.cn/comment/L3DjSz1XC?uid=2945685673&rl=0#cmtfrm,个个也探问爱恋不老的秘方 唯独壮烈离座可百世流芳  ,2021-11-29 00:10,42,9,8,,,
J2ogt951p,https://weibo.cn/comment/J2ogt951p?uid=2945685673&rl=0#cmtfrm,:委屈不能叫爱 不能算付出 觉得委屈就不要做 就自我排解。以让自己开心的方式去爱人 满足的是自己  就不该期待回报。我爱一个人 我就要成全ta 理解ta的追求。包括对家人 我爱我爸爸 我选择离他的新家新生活远一些 不添矛盾 成全他的幸福 就算那里没有我 这就是我爱人的方式。亲密关系同理 能让你开心的我都愿意给主动给 崇拜 温顺 体贴 任性 空间，甚至自由。如果有自己的狰狞 自己平静。,2020-05-17 22:31,72,8,26,,,
JFWEGnEJT,https://weibo.cn/comment/JFWEGnEJT?uid=2945685673&rl=0#cmtfrm,窥探人性幽微处 窥探世事人情的真相 有意思吗 有意思  只是吸引不到我长大突然有一天厌倦躲闪试探 能吸引到我的只有对我真实坦荡 我要你开心要你好 我不应付我都给 你也别掺假  心里开始撇开懂得的道理 长途跋涉 归真返璞 只做我自己  ,2021-02-02 01:46,54,8,10,,,
M4qTshsGi,https://weibo.cn/comment/M4qTshsGi?uid=2945685673&rl=0#cmtfrm,第二个纹身 青山依旧在 几度夕阳红⛰️⛰️🌊🌊  原图 ,2022-09-06 05:06,1085,8,50,,,
NuF1raTMS,https://weibo.cn/comment/NuF1raTMS?uid=2945685673&rl=0#cmtfrm,最爱牛津的秋冬 一抬头会被美的忘记万千思绪 世间烦恼不值得  不如和一枚落叶同频共振  [组图共10张] 原图 ,2023-11-28 15:36,189,8,28,,,
KrpopvGLk,https://weibo.cn/comment/KrpopvGLk?uid=2945685673&rl=0#cmtfrm,今年动不动一个大新闻 隔三差五一个大瓜 处处都是变动 其实都是必然趋势 人还是要好好学习 要脚踏实地 看人看事看长远 别看眼前得失 做正确的事 做想做的困难的事 人间正道是沧桑💪🏻💪🏻💪🏻  原图 ,2021-08-01 10:05,66,8,9,,,
Nxz4SfIqB,https://weibo.cn/comment/Nxz4SfIqB?uid=2945685673&rl=0#cmtfrm,朋友们我改名了喔！临近年底感受到前所未有的压力 可能每一个转变期都是如此。明年流年走到杀破狼 风浪越大鱼越贵 我狠狠期待  [组图共12张] 原图 ,2023-12-17 17:59,192,7,36,,,
Nx7Aqtrrx,https://weibo.cn/comment/Nx7Aqtrrx?uid=2945685673&rl=0#cmtfrm,想看退学文的朋友 我发在小🍠啦 删掉了所有的抱怨Forgiveness Means Giving Up All Hope for a Better Past  原图 ,2023-12-14 20:00,57,6,4,,,
L6eZbgXCA,https://weibo.cn/comment/L6eZbgXCA?uid=2945685673&rl=0#cmtfrm,文献这个东西真是常看常新 那些信息明明就在那里 不懂的时候就是看不见 一切道理和现象又何尝不是呢  ,2021-12-16 03:44,85,6,6,,,
NtstptZX3,https://weibo.cn/comment/NtstptZX3?uid=2945685673&rl=0#cmtfrm,我不觉得什么状态是安全的 我不觉得自己真拥有什么 我看我的底层心态就是个亡命之徒  ,2023-11-20 17:49,85,6,11,,,
MgQ7KtVhH,https://weibo.cn/comment/MgQ7KtVhH?uid=2945685673&rl=0#cmtfrm,欧洲圣诞季已经开始了  [组图共9张] 原图 ,2022-11-26 19:24,159,6,19,,,
IBYgUd1Xb,https://weibo.cn/comment/IBYgUd1Xb?uid=2945685673&rl=0#cmtfrm,我觉得谈恋爱  心痛时要分清是因为爱还是因为占有欲和控制欲太强 没有谁能真正拥有谁的 遇见一个喜欢的人珍惜过相伴过体验过有ta的世界 为贪嗔喜怒着迷过 是老天恩赐 那动人时光 未必地老天荒  原图 ,2020-04-05 23:47,68,6,37,,,
J75NLftUA,https://weibo.cn/comment/J75NLftUA?uid=2945685673&rl=0#cmtfrm,:和朋友们聊天发现很多人的致命的不安全感都来自于怕对方不再爱自己怕分手怕被劈腿。可我最怕的是真实的对方从来不是我爱的那个他我喜欢一个人的时候就觉得自己遇见了最好的人 他的人格和品性发着光吸引着我让我沉溺让我倾慕  如果我意识让他发光的是我的目光  我爱的坦荡诚实等等品质都是假的 谎言虚伪算计开始浮现我情愿马上告别 也不想等到打破这场美丽幻觉,2020-06-17 20:42,60,6,8,,,
NyNae4JVz,https://weibo.cn/comment/NyNae4JVz?uid=2945685673&rl=0#cmtfrm,":构建自我（二） 如何与有限的爱和解 无上密过去我从不相信有人爱我。我小时候曾经绝食求妈妈带上我，但她还是走了。我从未和我自己的父亲生活过，但他现在来说爱我。可我真心当成父亲的人，他离开时我毫无防备，从未告别。我曾经差点被侵犯，但这一切本可以避免。为什么总是受到无法启齿的伤害呢 是哪里出了问题 明明他们说爱我。我想不通 小小我哭了太多太久 我只能否定这个一切 带上一张相亲相爱的面具，心底只有无尽的冷漠和叹息。 我不怪妈妈 因为我现在明白 她也是要找到自己才能来爱我。我不恨其他人 因为恨比爱浓烈。你看 我没有责怪他人的能力 因为我太理解他人的苦痛，但这不能弥补我受到的伤害。 后来我遇到了很多说爱我的人，和很多模范伴侣。我总是没办法相信他们的感情。我不懂那些漏洞那么明显 为什么可以幸福呢？那时候我会写这样的话 “其实有些话有些爱有些瞬间 如果令你感到开心 就别想是真是假明天还有没有 就是真的就那当下 如梦如幻月的快乐 有一刻算一刻 内心的芥蒂 放下一秒是一秒  又要较真又想快乐怎么能啊 有时候不骗骗自己没法活🔹浮生何如 如梦之梦  就当清醒的人最荒唐” 心太冷了，只会忽视别人的浓烈和爱意而盯着人性那些弱点。无法相信也无法沉溺，情到深处竟要克制，未曾开始就画好结局。图2写出我的心声“看人是骨 看树是水 看一切最终都将为尘灰” 可我从未停止过对爱的思考和追寻幸福的可能。我开始理解人会犯错但人也会肝胆相照，人性懦弱但有时也会为爱鼓起一些勇气，而我自己也一样绝对共情又冷漠。我想返回那看山是山的人世，现在我说“返回这条路只能用爱 而爱与冷漠交缠 真相与谎言共生 其实真假虚实有何所谓 刹那就是真 可得解脱处🔹便是相信“幻术里也有真相”。 没有爱的人没办法相信别人的爱 — 这就是我心中的无上密。如果你也在追寻和挣扎, 我给出的答案就是接受爱的局限性。接受人性里所有的悲凉冷漠自私，接受人心幽微复杂且千变万化，接受人自己都搞不清自己，接受人给出的爱无法超出人性的局限，但这依旧是爱。完成了这个功课 我们才能聊爱与被爱。“if the only way you can really respect love, is by respecting its limits”",2023-12-25 19:41,87,6,16,,,
J9yjzvG76,https://weibo.cn/comment/J9yjzvG76?uid=2945685673&rl=0#cmtfrm,我讨厌很依赖一个人的感觉 从小一个人等家人回家的时候就讨厌 情绪和生活总是在被别人影响 长大了独居反而快乐很多很少觉得孤单  也早就懂了情到深处竟要克制 没人能让你永不失望 不期待别人就不会被辜负  不要在乎太满溢大家都轻松快乐 只是想沉溺的时刻每每要把自己叫醒 也是有些无趣  ,2020-07-04 00:58,81,6,11,,,
KhvYrg9hI,https://weibo.cn/comment/KhvYrg9hI?uid=2945685673&rl=0#cmtfrm,晚上才看完你当像鸟飞往你的山，出不去 睡不着，以前以为是励志书迟迟没看 原来不是。以后因原生家庭心里有裂痕的朋友我都会推荐给她看，所有的不可说不愿说 质疑 分裂 害怕 无助 负罪 成长 人格 复杂，你只会觉得相见恨晚 Thx Tara 祝好  [组图共4张] 原图 ,2021-05-28 08:27,70,5,7,,,
M42mhxl1p,https://weibo.cn/comment/M42mhxl1p?uid=2945685673&rl=0#cmtfrm,:小学时学到送别这首歌 懂几分就已经止不住的流眼泪 不懂这断肠的离别之苦 人都怎么能受 希望永远不要受 可偏偏长大后 离家人越来越远难见一面 也真的天之涯海之角知交半零落 却总也无法麻木 反而越来越怕离别 每每和好朋友相聚几日 再各自奔赴一段旅程 我一颗心总是空落落几天 牵肠挂肚 想起国内久未见面的人 更是只能心中默念祝福不怕相思苦 只怕你伤痛 怨只怨人在风中 聚散都不由我 只是 祝好 祝好,2022-09-03 14:38,119,5,12,,,
KErdAj97V,https://weibo.cn/comment/KErdAj97V?uid=2945685673&rl=0#cmtfrm,还是会有情绪不稳的时候，找到的最好的让自己回到稳定状态的方式是读文献和做事，一路寻寻觅觅 没想到目前为止 科研是最能带给我安全感的东西。  ,2021-10-26 02:38,106,5,27,,,
MeuaSlcS3,https://weibo.cn/comment/MeuaSlcS3?uid=2945685673&rl=0#cmtfrm,千钟美酒 一曲满庭芳 土耳其·Istanbul  显示地图 [组图共9张] 原图 ,2022-11-11 07:50,207,5,34,,,
NiG6BrPiU,https://weibo.cn/comment/NiG6BrPiU?uid=2945685673&rl=0#cmtfrm,:中年男人如果早年没好好对待家人积德行善真的会很可悲，要么发妻早早离婚 不离也是相看两厌，孩子呢更是早就习惯了不联系的生活，老了对妻儿说句想你了 妻儿都迷惑你想我什么？我们相处过吗？若还攒了些钱愿意付出 可能还能换来新人的陪伴，这是最后的一条路。不过他们也不觉可悲，因为根本意识不到自己人见人嫌,2023-09-10 20:18,108,5,30,,,
NqfRs6jXp,https://weibo.cn/comment/NqfRs6jXp?uid=2945685673&rl=0#cmtfrm,小白花(?)一下  [组图共6张] 原图 ,2023-10-30 16:12,156,5,23,,,
Kf3Ly2IFC,https://weibo.cn/comment/Kf3Ly2IFC?uid=2945685673&rl=0#cmtfrm,亿万每次看都能从不同的细节感受到力量 以前喜欢英雄 看赢看高光时刻 要意气风发的神 这几年喜欢看绝处逢生 看他们在至暗时刻意志一样钢铁般坚定 看代价割舍看挣扎狼狈的脸 看克服的人性的弱点 看蛰伏中心智的煎熬  耐得住 这个品质真是so sexy  原图 ,2021-05-12 04:58,47,5,13,,,
NkJiQD0fg,https://weibo.cn/comment/NkJiQD0fg?uid=2945685673&rl=0#cmtfrm,🌹  [组图共4张] 原图 ,2023-09-24 08:07,597,4,23,,,
LA9yptXdV,https://weibo.cn/comment/LA9yptXdV?uid=2945685673&rl=0#cmtfrm,工作上我只喜欢当凤尾 特别是那种无论我成长多少 都还是凤尾的 凤尾  ,2022-06-30 21:03,158,4,19,,,
NdzMQmGiR,https://weibo.cn/comment/NdzMQmGiR?uid=2945685673&rl=0#cmtfrm,":以前的一些忧虑 吃的苦受的伤 孤独的坚持 自顾自的勇气和迷茫 时至今日都不值一提 同样的 会有一天 如今的难处也会不值一提 只是有时觉得疲惫 然后警惕 提醒自己 你是否还在充满勇气走向自由？还是看似拥有的越多反而被束缚手脚？记得无论你想要抓住的 还是你在忍受的it will pass, it always does 只有变是不变 无常是常",2023-08-08 07:02,108,4,10,,,
KiqAQjByB,https://weibo.cn/comment/KiqAQjByB?uid=2945685673&rl=0#cmtfrm,夏天来辣！又开始循环打雷姐 英国·Notting Hill Gate  显示地图 [组图共15张] 原图 ,2021-06-03 08:36,77,4,29,,,
M8kp8DNHq,https://weibo.cn/comment/M8kp8DNHq?uid=2945685673&rl=0#cmtfrm,昨天一口气刷完 “让你闻名世界的不会是当下风光的赛博朋克人生，而是你战死的惨烈瞬间” 垃圾世界里注定悲剧的命运 梦想和成全 可I really want to stay at your houseI Really Want to Stay At Your House (网络动画《赛博朋克：边缘行者》插曲)  ,2022-10-01 19:56,40,4,2,,,
KDIzxbMxg,https://weibo.cn/comment/KDIzxbMxg?uid=2945685673&rl=0#cmtfrm,“要是你忽然发现你处在了尴尬的地位，这不值得惊慌，也最好不要逃避，莫如由着它日日夜夜惊扰你的良知，质问你的信仰，激活的思想；进退维谷之日可能是别有洞天之时，这差不多能算规律”  ,2021-10-21 08:59,69,4,5,,,
JwlF37Llg,https://weibo.cn/comment/JwlF37Llg?uid=2945685673&rl=0#cmtfrm,有些话有些爱有些瞬间 如果令你感到开心 就别想是真是假明天还有没有 就是真的就那当下 如梦如幻月的快乐 有一刻算一刻 内心的芥蒂 放下一秒是一秒  又要较真又想快乐怎么能啊 有时候不骗骗自己更没法活浮生何如 如梦之梦  就当清醒的人最荒唐  ,2020-11-30 23:03,48,4,6,,,
JxstRktmO,https://weibo.cn/comment/JxstRktmO?uid=2945685673&rl=0#cmtfrm,大多数时间我都人模人样认真做事 剩下的时间我想把自己一切搞砸  ,2020-12-08 06:14,28,4,6,,,
LrCO5hkH4,https://weibo.cn/comment/LrCO5hkH4?uid=2945685673&rl=0#cmtfrm,我老板总嫌我烦 这些老传统牛剑人真的对中国学生要做学术面对的困难一无所知 讲不通的 我不能不发大paper 我不能在这和你慢慢enjoy纯粹的研究 我没有资格不多想不想以后怎么搞钱 昨天和@莲城清明 聊当年教授们的工资 够买房 够生活 英国找教职paper占的比重也没那么高 那我们这一代呢  很不安怎么优雅  ,2022-05-05 18:59,180,4,31,,,
Nhs5xbckJ,https://weibo.cn/comment/Nhs5xbckJ?uid=2945685673&rl=0#cmtfrm,"Roma, Roma  [组图共9张] 原图 ",2023-09-02 18:47,96,3,8,,,
J4EyMwaqh,https://weibo.cn/comment/J4EyMwaqh?uid=2945685673&rl=0#cmtfrm,:傲骨之战这一季最后一集讨论的就是特朗普和爱泼斯坦混乱party事件，才季终没几天Anonymous就举发了 给编剧跪了  现在看新闻有种追美剧的感觉，戏里戏外傻傻分不清楚 真·编剧治国系列第一集更是妙，本来上一季一直在黑特朗普，这一季上来脑洞大开直接虚构一个希拉里登台的世界 发现也是糟心的很 感觉编剧已经放弃抵抗了  但是请继续更新 不要停啊！！！#Naomi#,2020-06-01 19:41,118,3,23,,,
LCc6iEPmT,https://weibo.cn/comment/LCc6iEPmT?uid=2945685673&rl=0#cmtfrm,吃了一周蛋糕 开开心心❤️  [组图共9张] 原图 ,2022-07-14 07:13,201,3,31,,,
JqR48jE3E,https://weibo.cn/comment/JqR48jE3E?uid=2945685673&rl=0#cmtfrm,matriculation之英国风到底有多大  [组图共4张] 原图 ,2020-10-25 19:58,92,3,29,,,
JsGt2rDL7,https://weibo.cn/comment/JsGt2rDL7?uid=2945685673&rl=0#cmtfrm,相爱的人总觉得一段感情不一样ta不一样 等到经历了一些大大小小 选择与忽视 脑子里的水变成眼泪差不多流干 光环不在 终于肯承认其实我跟你都不算罕有  最喜欢的东西或许本不该拥有  ,2020-11-06 20:39,47,3,7,,,
LCORX4Evk,https://weibo.cn/comment/LCORX4Evk?uid=2945685673&rl=0#cmtfrm,hot summer nights mid July  [组图共9张] 原图 ,2022-07-18 09:54,278,3,65,,,
N262oeS7e,https://weibo.cn/comment/N262oeS7e?uid=2945685673&rl=0#cmtfrm,kk宝贝说有朋友想我了！谢谢还关注我的朋友们嘿嘿  [组图共9张] 原图 ,2023-05-24 19:04,215,3,45,,,
NeS43q8X9,https://weibo.cn/comment/NeS43q8X9?uid=2945685673&rl=0#cmtfrm,有时候觉得 透过她的眼睛看这个世界 好像这世界都变得好玩一些  原图 ,2023-08-16 19:24,176,3,14,,,
K0qo3tF62,https://weibo.cn/comment/K0qo3tF62?uid=2945685673&rl=0#cmtfrm,拆快递辣妹限定！！ 英国  显示地图 [组图共3张] 原图 ,2021-02-04 22:59,91,2,49,,,
L0lmDesj5,https://weibo.cn/comment/L0lmDesj5?uid=2945685673&rl=0#cmtfrm,今天bonfire看烟花 不知道是不是太久没看了 一直流眼泪 被美被绽放和坠落感动而共振 忘记来程去路那些无我的瞬间 刹那即是永恒 SweetieLele的微博视频  ,2021-11-07 08:56,40,2,4,,,
Lv2zLFVRS,https://weibo.cn/comment/Lv2zLFVRS?uid=2945685673&rl=0#cmtfrm,分享图片  原图 ,2022-05-28 06:06,59,2,12,,,
Ivwsl7qmm,https://weibo.cn/comment/Ivwsl7qmm?uid=2945685673&rl=0#cmtfrm,翻一翻又是一组回忆相册继续坚持不要放松警惕不要出去玩  [组图共9张] 原图 ,2020-02-23 13:57,51,2,52,,,
Nu6HQ7VVK,https://weibo.cn/comment/Nu6HQ7VVK?uid=2945685673&rl=0#cmtfrm,好美的两排树  [组图共2张] 原图 ,2023-11-25 00:15,63,2,7,,,
KqlCLpUnr,https://weibo.cn/comment/KqlCLpUnr?uid=2945685673&rl=0#cmtfrm,最近吃的蛋糕和在夜里看的海 英国·Scarborough  显示地图 [组图共12张] 原图 ,2021-07-25 10:39,65,2,29,,,
J4mpn6uKK,https://weibo.cn/comment/J4mpn6uKK?uid=2945685673&rl=0#cmtfrm,又是一天神仙日子👭👭 杭州  显示地图 [组图共9张] 原图 ,2020-05-30 21:28,68,2,32,,,
NkdbtoHN5,https://weibo.cn/comment/NkdbtoHN5?uid=2945685673&rl=0#cmtfrm,成精的小猫喝大了会现出原形 我有证据👀  [组图共2张] 原图 ,2023-09-20 22:21,83,2,14,,,
NdE1Hi3f0,https://weibo.cn/comment/NdE1Hi3f0?uid=2945685673&rl=0#cmtfrm,一个人类观察：infj小老头是不是男男女女都喜欢女生？  ,2023-08-08 17:49,45,2,31,,,
LwpQwmD9M,https://weibo.cn/comment/LwpQwmD9M?uid=2945685673&rl=0#cmtfrm,🆓withu  [组图共12张] 原图 ,2022-06-06 07:10,149,2,29,,,
KsLHuELK0,https://weibo.cn/comment/KsLHuELK0?uid=2945685673&rl=0#cmtfrm,剑桥姐妹带我逛牛津了 英国  显示地图 [组图共4张] 原图 ,2021-08-10 08:43,64,2,19,,,
KbJGn6C8u,https://weibo.cn/comment/KbJGn6C8u?uid=2945685673&rl=0#cmtfrm,一波会动的我！最近可以户外吃饭可以玩了 不自闭了嘿嘿  [组图共9张] 原图 ,2021-04-20 08:20,53,2,22,,,
K25qUlK7l,https://weibo.cn/comment/K25qUlK7l?uid=2945685673&rl=0#cmtfrm,最后一波！一张都不剩了 也没节过了 回牛津科研了约克拍照@红脸猫咪崔 英国·University of York  显示地图 [组图共9张] 原图 ,2021-02-15 21:19,94,2,40,,,
Jc52Lxqs2,https://weibo.cn/comment/Jc52Lxqs2?uid=2945685673&rl=0#cmtfrm,茶卡盐湖 翡翠湖 东台吉乃尔湖 拍不出她们的美  [组图共9张] 原图 ,2020-07-20 15:58,41,2,28,,,
JtYjz2Cf1,https://weibo.cn/comment/JtYjz2Cf1?uid=2945685673&rl=0#cmtfrm,曾付出几多深夜  来换取一堆堆的数据人值得命中减少几年  多肝一篇稿文章发的不好  而头发竟偷偷光了为何用到尽了  数据还是不能要  原图 ,2020-11-15 07:56,34,1,16,,,
NxpgCvOR3,https://weibo.cn/comment/NxpgCvOR3?uid=2945685673&rl=0#cmtfrm,我再年轻一些，没意识到自己感情的复杂度的时候  经常对朋友说 你男朋友这件事做的不如我 我xx比他强 我觉得我们的情谊更珍贵 你不应该天天和我说他… 过了很久才理解当时为什么那么怪异 为什么一些关系再也走不下去  ,2023-12-16 17:01,81,1,8,,,
IuDTjsk3b,https://weibo.cn/comment/IuDTjsk3b?uid=2945685673&rl=0#cmtfrm,今天更博学了吗？？？  [组图共6张] 原图 ,2020-02-17 19:02,32,1,60,,,
JbaTJd6Ck,https://weibo.cn/comment/JbaTJd6Ck?uid=2945685673&rl=0#cmtfrm,青海或三亚？  [组图共9张] 原图 ,2020-07-14 17:02,60,1,32,,,
NnPIdnxI5,https://weibo.cn/comment/NnPIdnxI5?uid=2945685673&rl=0#cmtfrm,:我过去经常反复做同一个梦 梦见我深夜从我小时候住的楼道里跑出来 一路跑 一路黑暗 雨水 闪电 一路各种奇怪的道路 一直跑到某一刻惊醒为止 我从未能回头看过到底是什么在追我，今天一觉又睡了12个小时 突然意识到这个梦 我已经几年没有再做过了。这几年有很多前二十几年的事我一点都想不起来了，越长大我反而变得越简单。过去不相信爱和幸福 看人看心看事 都看到底，然后验证果然是如此凉薄，而终于品味到何期自性 本自具足。,2023-10-14 17:57,63,1,15,,,
KfDMg3GJY,https://weibo.cn/comment/KfDMg3GJY?uid=2945685673&rl=0#cmtfrm,其实我最喜欢英国的地方就是它的烂天气🤣🤣🌧️🌧️🌧️Only Happy When It Rains (2015 - Remaster)  ,2021-05-16 00:39,15,1,8,,,
NjP1Kbc1i,https://weibo.cn/comment/NjP1Kbc1i?uid=2945685673&rl=0#cmtfrm,今夜电闪雷鸣 开窗听雨 喝醉了还是舍不得入睡，有时感叹世事一场大梦 人生几度秋凉，有时相信此雨此夜便是永恒  ,2023-09-18 08:51,78,1,8,,,
NwwcwsPgq,https://weibo.cn/comment/NwwcwsPgq?uid=2945685673&rl=0#cmtfrm,一想到明年毕业 肉眼可见的开心🥰📷：@牛津Kate朱朱  SweetieLele的微博视频  ,2023-12-10 20:50,136,1,19,,,
NxJzk7UkP,https://weibo.cn/comment/NxJzk7UkP?uid=2945685673&rl=0#cmtfrm,现实生活我一言不发 互联网上我噼里啪啦  ,2023-12-18 20:42,52,1,14,,,
NvCjg2Xoq,https://weibo.cn/comment/NvCjg2Xoq?uid=2945685673&rl=0#cmtfrm,想录个学习视频发现自己学习是这样的😅  原图 ,2023-12-04 22:32,161,1,27,,,
NaW1igkXT,https://weibo.cn/comment/NaW1igkXT?uid=2945685673&rl=0#cmtfrm,午饭☁️☁️🍃  [组图共4张] 原图 ,2023-07-21 22:07,50,1,8,,,
Dh6w4Ek2T,https://weibo.cn/comment/Dh6w4Ek2T?uid=2945685673&rl=0#cmtfrm,又翻到这张照片 控制不住的想黑你阿@Cassie_唐小黒  原图 ,2016-02-10 00:29,3,1,2,,,
KdX5moG7K,https://weibo.cn/comment/KdX5moG7K?uid=2945685673&rl=0#cmtfrm,  [组图共2张] 原图 ,2021-05-04 22:08,53,1,33,,,
L2yMF9Uqk,https://weibo.cn/comment/L2yMF9Uqk?uid=2945685673&rl=0#cmtfrm,最近  [组图共9张] 原图 ,2021-11-21 22:46,84,1,27,,,
LF43acmjA,https://weibo.cn/comment/LF43acmjA?uid=2945685673&rl=0#cmtfrm,浪姐可以唱真相是真吗[苦涩]  ,2022-08-02 04:14,17,1,4,,,
LD2DN5haZ,https://weibo.cn/comment/LD2DN5haZ?uid=2945685673&rl=0#cmtfrm,英国这两天高温 机场铁路群众大瘫痪大乱套 入境按指纹的时候 海关说了句you've done this many times我真的恍惚觉得自己在西部世界  ,2022-07-19 20:58,32,1,17,,,
JyGiz833R,https://weibo.cn/comment/JyGiz833R?uid=2945685673&rl=0#cmtfrm,我好像放假了  [组图共12张] 原图 ,2020-12-16 07:15,45,1,29,,,
M2sXUhmxw,https://weibo.cn/comment/M2sXUhmxw?uid=2945685673&rl=0#cmtfrm,窝沙发里看完分手的决心 这片在我看来演的是男主的爱情 是汤唯的解脱 不是分手的决心 是离开这世界的决心 是沉入大海的决心  ,2022-08-24 06:42,146,1,6,,,
LpA5o9a70,https://weibo.cn/comment/LpA5o9a70?uid=2945685673&rl=0#cmtfrm,一波大杂烩  [组图共17张] 原图 ,2022-04-22 08:22,141,1,30,,,
LwyQIpsdR,https://weibo.cn/comment/LwyQIpsdR?uid=2945685673&rl=0#cmtfrm,庐山烟雨浙江潮 未至千般恨未消 到得还来别无事 庐山烟雨浙江潮  原图 ,2022-06-07 06:06,45,1,9,,,
JB7AQzEaV,https://weibo.cn/comment/JB7AQzEaV?uid=2945685673&rl=0#cmtfrm,新年快乐！#2021##再见2020#  [组图共9张] 原图 ,2021-01-01 08:25,58,1,28,,,
LpvdsnQwh,https://weibo.cn/comment/LpvdsnQwh?uid=2945685673&rl=0#cmtfrm,最近天天穿这条裙子[开学季]  [组图共11张] 原图 ,2022-04-21 19:58,190,1,39,,,
K8nPZimUv,https://weibo.cn/comment/K8nPZimUv?uid=2945685673&rl=0#cmtfrm,蛋糕一天一大个已经习惯了 我的血不是血 是奶油和糖浆  [组图共14张] 原图 ,2021-03-29 07:12,40,1,55,,,
M0Cah5gOF,https://weibo.cn/comment/M0Cah5gOF?uid=2945685673&rl=0#cmtfrm,总是有太多不可说 不愿说 不必说 聊天从未曾让我真的与人走近 话说越多越空虚 我总是沉默的倾听注视和陪伴 沉默是病 沉默是病 沉默是金阿司匹林  ,2022-08-12 02:27,58,1,9,,,
NhizugnuF,https://weibo.cn/comment/NhizugnuF?uid=2945685673&rl=0#cmtfrm,一个夏夜  [组图共6张] 原图 ,2023-09-01 18:33,121,1,21,,,
M124pAAbv,https://weibo.cn/comment/M124pAAbv?uid=2945685673&rl=0#cmtfrm,几场夏夜焰火🎆🎆🎆  [组图共9张] 原图 ,2022-08-14 20:24,181,1,26,,,
Nq6WrDBKT,https://weibo.cn/comment/Nq6WrDBKT?uid=2945685673&rl=0#cmtfrm,🧛♀️🧛♀️🧛♀️ @牛津Kate朱朱  [组图共6张] 原图 ,2023-10-29 17:30,138,1,7,,,
Lz6MIoIjX,https://weibo.cn/comment/Lz6MIoIjX?uid=2945685673&rl=0#cmtfrm,我想去浪姐节目组当个扫地的[哇]  ,2022-06-24 00:10,25,1,10,,,
JvqjPF68z,https://weibo.cn/comment/JvqjPF68z?uid=2945685673&rl=0#cmtfrm,变态是不会变的 变态就变态在不认为自己变态 我真的服这些高校领导 自己怎么过来的不知道吗？博导是人是狗影响有多大不知道吗？研究生的命不是命吗？凭什么这么一个变态可以继续祸害千辛万苦考研充满希望的年轻人？气死我了 抵制坚决抵制 陶崇园坠亡后的这一年  ,2020-11-24 21:04,16,0,6,,,
NhLLNp6jU,https://weibo.cn/comment/NhLLNp6jU?uid=2945685673&rl=0#cmtfrm,我常常觉得我已经三十岁很多年了，我也常常觉得我的人生还没有真正开始。与年龄无关 是对时间没有了概念。  ,2023-09-04 20:53,136,0,11,,,
JAvKPzcUD,https://weibo.cn/comment/JAvKPzcUD?uid=2945685673&rl=0#cmtfrm,最近有猫有好朋友！迟到的圣诞快乐🎅🎄🎄🎄  [组图共16张] 原图 ,2020-12-28 08:05,46,0,17,,,
NtXyb26FI,https://weibo.cn/comment/NtXyb26FI?uid=2945685673&rl=0#cmtfrm,这博读到第四年读得我天天丧个老脸 真无语一点整不了了 急需休整⚠️  原图 ,2023-11-24 00:56,89,0,31,,,
KwzSiu4JK,https://weibo.cn/comment/KwzSiu4JK?uid=2945685673&rl=0#cmtfrm,第一个纹身🦋🦋🦋 英国·伦敦  显示地图 原图 ,2021-09-04 09:58,44,0,26,,,
JoLZZ9IvV,https://weibo.cn/comment/JoLZZ9IvV?uid=2945685673&rl=0#cmtfrm,在隔离啦！美食博主告退 希望早日变身学霸 英国·牛津  显示地图 [组图共9张] 原图 ,2020-10-12 03:23,37,0,14,,,
Ka8w0qeFl,https://weibo.cn/comment/Ka8w0qeFl?uid=2945685673&rl=0#cmtfrm,当有人问我lockdown期间做实验中午在哪吃饭我：墓地哈哈哈今天阳光超好的！  原图 ,2021-04-09 19:52,36,0,13,,,
KquWX0Zmn,https://weibo.cn/comment/KquWX0Zmn?uid=2945685673&rl=0#cmtfrm,唉眼看着开学一年了我还没去过办公室 实在是太爽了再不去明年新生都要来了明天准备加油迈出第一步  原图 ,2021-07-26 10:24,17,0,16,,,
JrLkjpUab,https://weibo.cn/comment/JrLkjpUab?uid=2945685673&rl=0#cmtfrm,在窗外看到小鹿了！好可爱好童话！！！🦌🦌🦌 SweetieLele的微博视频  ,2020-10-31 19:11,24,0,5,,,
JpjVcyYyx,https://weibo.cn/comment/JpjVcyYyx?uid=2945685673&rl=0#cmtfrm,楼下确诊了 全层隔离其实隔离真的好安全 我可以一直隔离 快乐肥宅  ,2020-10-15 17:45,10,0,20,,,
IrZJPoetG,https://weibo.cn/comment/IrZJPoetG?uid=2945685673&rl=0#cmtfrm,想吃蛋糕啊啊啊啊啊啊啊啊啊  ,2020-01-31 09:08,2,0,6,,,
IwMW94b6g,https://weibo.cn/comment/IwMW94b6g?uid=2945685673&rl=0#cmtfrm,哈哈考古考到2015年 好年轻！还是要多多记录  [组图共9张] 原图 ,2020-03-02 21:44,38,0,54,,,
K8LFPa6n3,https://weibo.cn/comment/K8LFPa6n3?uid=2945685673&rl=0#cmtfrm,四位美女Coachella这场我也就看个一万次吧 每根头发丝都完美 每次看都想流泪 和看蔡依林slay的感情差不多 就是希望她们好  [组图共6张] 原图 ,2021-03-31 19:53,20,0,3,,,
IFUhc3vLj,https://weibo.cn/comment/IFUhc3vLj?uid=2945685673&rl=0#cmtfrm,压完马路搞宵夜嘻嘻🍺🍺  [组图共6张] 原图 ,2020-05-01 20:58,53,0,29,,,
IsGl3bbKZ,https://weibo.cn/comment/IsGl3bbKZ?uid=2945685673&rl=0#cmtfrm,2019部分记录📝（太闲了实在不想看文献🙇🏻♀️🙇🏻♀️🙇🏻♀️）#在家办公的你#  [组图共4张] 原图 ,2020-02-04 21:35,25,0,20,,,
NhTZ7xN8y,https://weibo.cn/comment/NhTZ7xN8y?uid=2945685673&rl=0#cmtfrm,很难说她们不爱我  [组图共3张] 原图 ,2023-09-05 17:48,61,0,13,,,
K1W63FecW,https://weibo.cn/comment/K1W63FecW?uid=2945685673&rl=0#cmtfrm,又是一年情人节 各位今年有人陪了吗 #高甜情人节# 英国  显示地图 [组图共9张] 原图 ,2021-02-14 21:33,60,0,32,,,
K1ukY9mog,https://weibo.cn/comment/K1ukY9mog?uid=2945685673&rl=0#cmtfrm,除夕快乐朋友们！ 心想事成健康平安❤️❤️ 不能回家也开开心心的嗷！！ 英国·约克  显示地图 [组图共3张] 原图 ,2021-02-11 22:53,55,0,24,,,
LF3xs1iUR,https://weibo.cn/comment/LF3xs1iUR?uid=2945685673&rl=0#cmtfrm,于文文真的好土好帅啊救命🆘  ,2022-08-02 02:56,28,0,6,,,
Jjvizwkdy,https://weibo.cn/comment/Jjvizwkdy?uid=2945685673&rl=0#cmtfrm,第一次当伴娘嘿嘿 哈尔滨  显示地图 [组图共6张] 原图 ,2020-09-07 11:41,46,0,15,,,
J9PXX6g9G,https://weibo.cn/comment/J9PXX6g9G?uid=2945685673&rl=0#cmtfrm,现在不一直埋头玩手机的人在人群中四目相对是不是就算有相似的灵魂了？？  ,2020-07-05 21:55,34,0,15,,,
J9ILvq3lC,https://weibo.cn/comment/J9ILvq3lC?uid=2945685673&rl=0#cmtfrm,翻到18年7月凌晨四点多还能在香港闲逛 世界快好起来吧  原图 ,2020-07-05 03:35,8,0,11,,,
J8szHwedB,https://weibo.cn/comment/J8szHwedB?uid=2945685673&rl=0#cmtfrm,又是和朋友一起傻吃苶睡的一天🍻  [组图共8张] 原图 ,2020-06-26 20:31,51,0,39,,,
J7T1ckbR8,https://weibo.cn/comment/J7T1ckbR8?uid=2945685673&rl=0#cmtfrm,隐秘的角落仿佛看到好多东野圭吾塑造的角色的影子大集合  太精彩了又爽又压抑 补无证之罪去了  ,2020-06-23 02:00,16,0,8,,,
Is3czEpFG,https://weibo.cn/comment/Is3czEpFG?uid=2945685673&rl=0#cmtfrm,想扣扣宝贝了  [组图共2张] 原图 ,2020-01-31 17:57,1,0,6,,,
ItdumBAvN,https://weibo.cn/comment/ItdumBAvN?uid=2945685673&rl=0#cmtfrm,元宵节快乐！珍惜和家人在一起的日子 祝所有人健康平安❤️#元宵节#  [组图共4张] 原图 ,2020-02-08 09:59,52,0,64,,,
Jh4WDcTUN,https://weibo.cn/comment/Jh4WDcTUN?uid=2945685673&rl=0#cmtfrm,马上开学了我半夜火锅夜宵的生活就真的结束了金沙厅也拜拜了快九月了签证机票都没搞  一心只想再去川渝地区吃它半个月  [组图共11张] 原图 ,2020-08-22 12:55,20,0,22,,,
NdPy1lcPh,https://weibo.cn/comment/NdPy1lcPh?uid=2945685673&rl=0#cmtfrm,Nothing good starts in a getaway car  [组图共2张] 原图 ,2023-08-09 23:09,112,0,13,,,
D5WyH6Qs5,https://weibo.cn/comment/D5WyH6Qs5?uid=2945685673&rl=0#cmtfrm,分享图片  原图 ,2015-11-28 14:55,4,0,0,,,
FfaNvppKZ,https://weibo.cn/comment/FfaNvppKZ?uid=2945685673&rl=0#cmtfrm,"When you hide away from the light and shiver at night,I've been there before.Tell me.  原图 ",2017-08-02 05:11,5,0,1,,,
FDee7uB3Y,https://weibo.cn/comment/FDee7uB3Y?uid=2945685673&rl=0#cmtfrm,到新地方必然迷路  来找不着实验室 走找不着大门  ,2018-01-07 10:02,3,0,5,,,
FFhvVpyeP,https://weibo.cn/comment/FFhvVpyeP?uid=2945685673&rl=0#cmtfrm,不变❤️  原图 ,2018-01-20 22:05,5,0,8,,,
G9uGWzJme,https://weibo.cn/comment/G9uGWzJme?uid=2945685673&rl=0#cmtfrm,女生的路是真的好难走  ,2018-03-28 19:32,3,0,3,,,
GbCbjrDRF,https://weibo.cn/comment/GbCbjrDRF?uid=2945685673&rl=0#cmtfrm,不想没日没夜做实验想没日没夜吃火锅  原图 ,2018-04-11 18:17,1,0,8,,,
GcxPgwjzh,https://weibo.cn/comment/GcxPgwjzh?uid=2945685673&rl=0#cmtfrm,真想假结婚  ,2018-04-17 21:02,1,0,3,,,
GcPTYfRQd,https://weibo.cn/comment/GcPTYfRQd?uid=2945685673&rl=0#cmtfrm,let it be  ,2018-04-19 19:03,1,0,0,,,
GdPt2o45p,https://weibo.cn/comment/GdPt2o45p?uid=2945685673&rl=0#cmtfrm,妹的昨晚被那个要强奸视频吓的睡不着觉 今早出门都在想是不是爬行安全一点  ,2018-04-26 07:47,0,0,4,,,
GfAzQdXIm,https://weibo.cn/comment/GfAzQdXIm?uid=2945685673&rl=0#cmtfrm,🌧 米老鼠  ,2018-05-07 21:33,1,0,0,,,
GiafR79AK,https://weibo.cn/comment/GiafR79AK?uid=2945685673&rl=0#cmtfrm,可人生的literature要去哪里读  ,2018-05-24 20:03,2,0,1,,,
GikhNhlHk,https://weibo.cn/comment/GikhNhlHk?uid=2945685673&rl=0#cmtfrm,rain came pouring down when I was drowning that’s when I could finally breathe  原图 ,2018-05-25 21:35,0,0,2,,,
GkZJPdxFu,https://weibo.cn/comment/GkZJPdxFu?uid=2945685673&rl=0#cmtfrm,这个天气就想躺两天吹空调看电影喝奶茶吃冰淇淋叫外卖 做个废人 而我这四个周只休了一天 好想喝新出的桃桃星冰乐  原图 ,2018-06-12 10:48,0,0,10,,,
GlmuouFJd,https://weibo.cn/comment/GlmuouFJd?uid=2945685673&rl=0#cmtfrm,leave me alone plz  原图 ,2018-06-14 20:43,2,0,5,,,
GnXEVrvNZ,https://weibo.cn/comment/GnXEVrvNZ?uid=2945685673&rl=0#cmtfrm,天上的星星笑地上的人总是不能懂不能觉得足够  原图 ,2018-07-01 23:01,6,0,0,,,
GoSZH9EI5,https://weibo.cn/comment/GoSZH9EI5?uid=2945685673&rl=0#cmtfrm,Long nights DaydreamsStrawberries & Cigarettes  ,2018-07-08 00:59,0,0,0,,,
GtZrXo9Cq,https://weibo.cn/comment/GtZrXo9Cq?uid=2945685673&rl=0#cmtfrm,休假之前扒层皮  原图 ,2018-08-10 14:36,1,0,0,,,
Gw4zZaUrG,https://weibo.cn/comment/Gw4zZaUrG?uid=2945685673&rl=0#cmtfrm,Welcome back to the land of reality  ,2018-08-24 07:20,1,0,0,,,
Iso1Ttg4V,https://weibo.cn/comment/Iso1Ttg4V?uid=2945685673&rl=0#cmtfrm,2019.02过期的快乐🍩🍰🍫🍦  [组图共4张] 原图 ,2020-02-02 22:59,13,0,15,,,
J61VU3PSg,https://weibo.cn/comment/J61VU3PSg?uid=2945685673&rl=0#cmtfrm,最近从早餐就吃得很重口 然后每天布蕾冰 真的肥也真的快乐 并且丝毫不想控制  [组图共9张] 原图 ,2020-06-10 21:01,27,0,20,,,
M5XUZqSNY,https://weibo.cn/comment/M5XUZqSNY?uid=2945685673&rl=0#cmtfrm,凤凰于飞  ,2022-09-16 07:01,10,0,0,,,
LvUtu0kZg,https://weibo.cn/comment/LvUtu0kZg?uid=2945685673&rl=0#cmtfrm,飘向北方  ,2022-06-02 23:18,17,0,3,,,
Ml4OPlifw,https://weibo.cn/comment/Ml4OPlifw?uid=2945685673&rl=0#cmtfrm,土耳其有的蛋糕好有国内的味道啊[开学季][开学季][开学季]  [组图共9张] 原图 ,2022-12-24 16:09,146,0,27,,,
J7nYnpFXL,https://weibo.cn/comment/J7nYnpFXL?uid=2945685673&rl=0#cmtfrm,点好外卖开始看新一期了！#乘风破浪的姐姐#  [组图共9张] 原图 ,2020-06-19 18:58,17,0,19,,,
IrUsDe3Ag,https://weibo.cn/comment/IrUsDe3Ag?uid=2945685673&rl=0#cmtfrm,只有芸知道，我有那么多梦想想去的地方想尝试的事，可我的终极理想和一生所求是爱情呀成就一份真爱需要的精力 情商一定比成就一份事业更多，李安能说出一句要赚得家人的爱 就知道他是懂得珍惜的人了祈求天地放过一双恋人 怕发生的永远别发生  ,2020-01-30 19:42,7,0,3,,,
J6DrSrJZU,https://weibo.cn/comment/J6DrSrJZU?uid=2945685673&rl=0#cmtfrm,🥥🥥🥥  [组图共4张] 原图 ,2020-06-14 20:32,43,0,25,,,
Ns5Eyie40,https://weibo.cn/comment/Ns5Eyie40?uid=2945685673&rl=0#cmtfrm,以后准备多在小🍠发图啦  原图 ,2023-11-11 17:53,71,0,26,,,
IgfZ3pJ6O,https://weibo.cn/comment/IgfZ3pJ6O?uid=2945685673&rl=0#cmtfrm,熬夜学习小冠军  原图 ,2019-11-15 04:26,1,0,2,,,
IgoDjgRmp,https://weibo.cn/comment/IgoDjgRmp?uid=2945685673&rl=0#cmtfrm,心之所向 无问西东Sign of the Times  ,2019-11-16 02:27,2,0,0,,,
IdCRL1jE1,https://weibo.cn/comment/IdCRL1jE1?uid=2945685673&rl=0#cmtfrm,这世界太多奇怪的规则 不怀好意的人 折磨与挣扎却也美在有人告诉你你没有错 陪你长成更坚强勇敢的大人追 (电影《金枝玉叶》插曲)  ,2019-10-28 21:10,8,0,0,,,
InkPLjYTN,https://weibo.cn/comment/InkPLjYTN?uid=2945685673&rl=0#cmtfrm,今天万象城气氛也太好了 大家都是笑着的 一起逛超市的 吃甜品喝咖啡的 选巧克力的 化妆品奢侈品前包装的 还有穿校服的情侣 盆友 喜气洋洋去年cocopark一圈气氛也很好 过节真好网页链接  原图 ,2019-12-31 17:39,3,0,0,,,
JcvHss5bk,https://weibo.cn/comment/JcvHss5bk?uid=2945685673&rl=0#cmtfrm,万径人踪灭🪐🪐🪐  [组图共9张] 原图 ,2020-07-23 11:50,47,0,33,,,
LABxheUUP,https://weibo.cn/comment/LABxheUUP?uid=2945685673&rl=0#cmtfrm,咔咔咔n连拍  [组图共9张] 原图 ,2022-07-03 20:17,124,0,43,,,
LpDk2n6oA,https://weibo.cn/comment/LpDk2n6oA?uid=2945685673&rl=0#cmtfrm,实验室会日常跳闸是我来牛津之前无论如何也没想到的  ,2022-04-22 16:37,55,0,16,,,
NuYQ4ABzD,https://weibo.cn/comment/NuYQ4ABzD?uid=2945685673&rl=0#cmtfrm,这张midnights真是回过头来越听越好听  原图 ,2023-11-30 18:03,47,0,9,,,
IirfYirl9,https://weibo.cn/comment/IirfYirl9?uid=2945685673&rl=0#cmtfrm,知识改变命运 改到最后头发也无钱也无  [组图共3张] 原图 ,2019-11-29 12:49,5,0,0,,,
L49Qp8meO,https://weibo.cn/comment/L49Qp8meO?uid=2945685673&rl=0#cmtfrm,圣诞预备！  [组图共4张] 原图 ,2021-12-02 10:58,87,0,25,,,
LClVbjxnp,https://weibo.cn/comment/LClVbjxnp?uid=2945685673&rl=0#cmtfrm,自己和爱的人们都健康平安 就是最大最大的幸运  ,2022-07-15 08:13,72,0,3,,,
LuZNt2iRF,https://weibo.cn/comment/LuZNt2iRF?uid=2945685673&rl=0#cmtfrm,看解放西的感受就是我们中国人真的男女老少都喊警察叔叔 一把年纪见了警察也喊叔叔 深入骨髓哈哈哈  ,2022-05-27 23:01,55,0,7,,,
IsOAVjS5L,https://weibo.cn/comment/IsOAVjS5L?uid=2945685673&rl=0#cmtfrm,怎么才能有效率  [组图共2张] 原图 ,2020-02-05 18:37,17,0,45,,,
NiJtCxKh6,https://weibo.cn/comment/NiJtCxKh6?uid=2945685673&rl=0#cmtfrm,“你我犹如隔镜视物 所见无非虚幻迷蒙”  ,2023-09-11 04:53,42,0,6,,,
LABiDsDh8,https://weibo.cn/comment/LABiDsDh8?uid=2945685673&rl=0#cmtfrm,freedom  [组图共6张] 原图 ,2022-07-03 19:41,53,0,6,,,
LrNNAxMKK,https://weibo.cn/comment/LrNNAxMKK?uid=2945685673&rl=0#cmtfrm,五月  [组图共9张] 原图 ,2022-05-06 22:58,160,0,46,,,
NfR9L4p4G,https://weibo.cn/comment/NfR9L4p4G?uid=2945685673&rl=0#cmtfrm,拼一醉，而今乐事他年泪  [组图共9张] 原图 ,2023-08-23 06:55,126,0,11,,,
JEHECCLDJ,https://weibo.cn/comment/JEHECCLDJ?uid=2945685673&rl=0#cmtfrm,记今年的两场雪 我真是好想看我好朋友vs第一次玩雪的巴西小哥 第一步撂倒  [组图共9张] 原图 ,2021-01-24 21:44,42,0,19,,,
LFH20sTyJ,https://weibo.cn/comment/LFH20sTyJ?uid=2945685673&rl=0#cmtfrm,不知今夕何夕  [组图共9张] 原图 ,2022-08-06 07:28,150,0,26,,,
KjE3OmHWk,https://weibo.cn/comment/KjE3OmHWk?uid=2945685673&rl=0#cmtfrm,列表随机循环到李香兰 循环一晚上 唱的真是如怨如慕 如泣如诉 唱的我一个字也没写粗来还是得换上我的学习专用rap歌单李香兰  ,2021-06-11 08:43,12,0,11,,,
IreLb0LoW,https://weibo.cn/comment/IreLb0LoW?uid=2945685673&rl=0#cmtfrm,流感，太应景 隔着屏幕都感觉被感染了  ,2020-01-26 09:33,1,0,0,,,
Ir1KF1kyz,https://weibo.cn/comment/Ir1KF1kyz?uid=2945685673&rl=0#cmtfrm,关注一会武汉肺炎就要看下其他的缓会加油、祈福  ,2020-01-25 00:26,2,0,2,,,
IqFID2K05,https://weibo.cn/comment/IqFID2K05?uid=2945685673&rl=0#cmtfrm,外面太危险 不如和Sci-Hub一起过年#studyaccount[超话]##论文#  [组图共2张] 原图 ,2020-01-22 16:20,10,0,16,,,
Jcdib3u1H,https://weibo.cn/comment/Jcdib3u1H?uid=2945685673&rl=0#cmtfrm,饮料机前等晚霞  [组图共6张] 原图 ,2020-07-21 12:58,41,0,12,,,
H4NI8rSXj,https://weibo.cn/comment/H4NI8rSXj?uid=2945685673&rl=0#cmtfrm,想宅一段时间 睡觉刷电影补海贼叫奶茶火锅闲逛压马路打卡咖啡店甜品餐厅睡觉逃离现实不想这些东西逃到电影世界放心沉迷 沉迷无意义 虚度时间 不说话 说没用的话  原图 ,2018-11-28 21:30,1,0,1,,,
H7anfhMfx,https://weibo.cn/comment/H7anfhMfx?uid=2945685673&rl=0#cmtfrm,明天可以睡满八小时  原图 ,2018-12-14 10:52,2,0,0,,,
H9Kxvyii8,https://weibo.cn/comment/H9Kxvyii8?uid=2945685673&rl=0#cmtfrm,买咖啡去图书馆写作业我都感受到了自由  ,2018-12-31 10:37,0,0,0,,,
Hby0xcvJp,https://weibo.cn/comment/Hby0xcvJp?uid=2945685673&rl=0#cmtfrm,分享图片  原图 ,2019-01-12 06:23,3,0,2,,,
J4vtNAvpD,https://weibo.cn/comment/J4vtNAvpD?uid=2945685673&rl=0#cmtfrm,Let‘s go party party all night！！！！#五月天线上演唱会# 虽然今年不在迪士尼 快乐不打折！ 杭州  显示地图 原图 ,2020-05-31 20:34,28,0,11,,,
IrgwdgijK,https://weibo.cn/comment/IrgwdgijK?uid=2945685673&rl=0#cmtfrm,天天在家磕蟹终于腮帮纸开始疼了  ,2020-01-26 14:01,1,0,1,,,
J44Fa20Yz,https://weibo.cn/comment/J44Fa20Yz?uid=2945685673&rl=0#cmtfrm,Lady Gaga in your area！！！Sour Candy  ,2020-05-29 00:18,9,0,4,,,
K6UpNpk64,https://weibo.cn/comment/K6UpNpk64?uid=2945685673&rl=0#cmtfrm,国内他好就好在五六点钟没觉睡就可以点生煎包肠粉蛋饼馄饨烧麦粉面炸麻团…  ,2021-03-19 14:27,16,0,12,,,
KnYKk6Nhy,https://weibo.cn/comment/KnYKk6Nhy?uid=2945685673&rl=0#cmtfrm,:“陋室空堂，当年笏满床；衰草枯杨，曾为歌舞场。蛛丝儿结满雕梁，绿纱今又糊在蓬窗上。说什么脂正浓、粉正香，如何两鬓又成霜？昨日黄土垅头送白骨，今宵红绡帐底卧鸳鸯。金满箱，银满箱，转眼乞丐人皆谤。正叹他人命不长，哪知自己归来丧！训有方，保不定日后做强梁；择膏粱，谁承望流落在烟花巷！因嫌纱帽小，致使锁枷扛；昨怜破袄寒，今嫌紫蟒长。乱烘烘你方唱罢我登场，反认他乡是故乡。甚荒唐，到头来都是为他人做嫁衣裳。”,2021-07-09 20:44,28,0,8,,,
LyffrxLiA,https://weibo.cn/comment/LyffrxLiA?uid=2945685673&rl=0#cmtfrm,虫鸣鸟叫 树叶沙沙响的夏天  [组图共6张] 原图 ,2022-06-18 07:52,123,0,24,,,
K9974faRd,https://weibo.cn/comment/K9974faRd?uid=2945685673&rl=0#cmtfrm,前两个月疫情太严重了我就一直躲着室友，最近感觉安全多了！每次和室友吃完披萨啥的都不满足（吃的太单调了…） 回房间又挖光个蛋糕舒服了！（我不是吃不胖 我只是这几个月都不想管体重）周末快乐！！ 英国  显示地图 [组图共9张] 原图 ,2021-04-03 07:33,79,0,40,,,
KkJiszWXw,https://weibo.cn/comment/KkJiszWXw?uid=2945685673&rl=0#cmtfrm,我不睡觉因为甜品被我吃光了 而cafe们要六点多才能开门  原图 ,2021-06-18 11:53,22,0,5,,,
IfagsfWjj,https://weibo.cn/comment/IfagsfWjj?uid=2945685673&rl=0#cmtfrm,什么时候我肯承认自己就是垃圾应该就会轻松很多  原图 ,2019-11-08 00:02,4,0,2,,,
IeLeaenLP,https://weibo.cn/comment/IeLeaenLP?uid=2945685673&rl=0#cmtfrm,圣诞季🎄🎄🥰  原图 ,2019-11-05 08:18,1,0,2,,,
IecrJyFU4,https://weibo.cn/comment/IecrJyFU4?uid=2945685673&rl=0#cmtfrm,🙃  [组图共4张] 原图 ,2019-11-01 15:45,4,0,1,,,
JfUh6talv,https://weibo.cn/comment/JfUh6talv?uid=2945685673&rl=0#cmtfrm,我觉得想让喜欢的人处处听话 逢年过节送礼 随叫随到 信息秒回的话，可能嫁给他当老婆这个思路本来就错了。应该努力当他领导  ,2020-08-14 19:55,51,0,21,,,
IdsT9nD3f,https://weibo.cn/comment/IdsT9nD3f?uid=2945685673&rl=0#cmtfrm,可是我爱的要的依然是美丽心灵 不变  ,2019-10-27 19:46,3,0,2,,,
IbNEPxcWI,https://weibo.cn/comment/IbNEPxcWI?uid=2945685673&rl=0#cmtfrm,见贤思齐焉 见不贤而内自省也  ,2019-10-16 20:58,3,0,0,,,
IbtP1kwm9,https://weibo.cn/comment/IbtP1kwm9?uid=2945685673&rl=0#cmtfrm,求救了很久的人 希望这对你来说真的是解脱  ,2019-10-14 18:28,1,0,0,,,
I6hR68FYO,https://weibo.cn/comment/I6hR68FYO?uid=2945685673&rl=0#cmtfrm,🌧️🌧️🌧️✈️我不知道  ,2019-09-10 14:49,0,0,2,,,
I2GeW3fiz,https://weibo.cn/comment/I2GeW3fiz?uid=2945685673&rl=0#cmtfrm,随手翻到一篇很喜欢和认可的📖   原图 ,2019-08-17 21:32,3,0,1,,,
HusU6qsVS,https://weibo.cn/comment/HusU6qsVS?uid=2945685673&rl=0#cmtfrm,天天冰淇淋  [组图共4张] 原图 ,2019-05-16 16:20,1,0,0,,,
HopnX1qPI,https://weibo.cn/comment/HopnX1qPI?uid=2945685673&rl=0#cmtfrm,离开学校和扣扣一起玩真快乐！  [组图共2张] 原图 ,2019-04-06 20:20,7,0,1,,,
HodiynE9q,https://weibo.cn/comment/HodiynE9q?uid=2945685673&rl=0#cmtfrm,BLACKPINK in your area❤️💘💘 Kill This Love  ,2019-04-05 13:34,1,0,0,,,
HlHaeht2m,https://weibo.cn/comment/HlHaeht2m?uid=2945685673&rl=0#cmtfrm,难道这次我抱紧你未必落空  原图 ,2019-03-20 00:05,4,0,1,,,
HiCMbv5Zq,https://weibo.cn/comment/HiCMbv5Zq?uid=2945685673&rl=0#cmtfrm,从过年天天奶茶巧克力蛋糕我怕是要200斤  原图 ,2019-02-27 19:24,3,0,1,,,
HgsgPlFxE,https://weibo.cn/comment/HgsgPlFxE?uid=2945685673&rl=0#cmtfrm,所有人都喜欢懂事的我除了我自己  ,2019-02-13 12:59,4,0,6,,,
D5kW3frFH,https://weibo.cn/comment/D5kW3frFH?uid=2945685673&rl=0#cmtfrm,不照相我还以为自己挺会画眉毛 缩小重发233  原图 ,2015-11-24 15:08,5,0,5,,,
